mpi_procs;grid_tiles_x;grid_tiles_y;omp_threads;domain_size;n_iterations;disk_write_intensity;airflow;material_file;output_file;simulation_mode;middle_col_avg_temp;total_time;iteration_time
1;1;1;1;256;7812;50;0.001;input_data_256.h5;;seq;43.28116;2.773917529731989;0.0003550841691925229
1;1;1;1;256;7812;50;0.001;input_data_256.h5;/scratch/project/atr-25-7/ramsay/1959255/256x256_out_mpi_2d_seq.h5;seq;43.28116;2.7744836173951626;0.00035515663305109605
1;1;1;1;256;7812;50;0.001;input_data_256.h5;/scratch/project/atr-25-7/ramsay/1959255/256x256_out_mpi_2d_seq.h5;seq;43.28116;2.7700516059994698;0.00035458929928308626
1;1;1;1;256;7812;50;0.001;input_data_256.h5;;seq;43.28116;2.7316857762634754;0.00034967815876388574
1;1;1;1;256;7812;50;0.001;input_data_256.h5;/scratch/project/atr-25-7/ramsay/1959255/256x256_out_mpi_2d_seq.h5;seq;43.28116;2.7698769606649876;0.0003545669432494864
1;1;1;1;256;7812;50;0.001;input_data_256.h5;/scratch/project/atr-25-7/ramsay/1959255/256x256_out_mpi_2d_seq.h5;seq;43.28116;2.7701306231319904;0.0003545994141233987
1;1;1;1;512;3906;50;0.001;input_data_512.h5;;seq;28.379347;5.476000797003508;0.0014019459285723266
1;1;1;1;512;3906;50;0.001;input_data_512.h5;/scratch/project/atr-25-7/ramsay/1959255/512x512_out_mpi_2d_seq.h5;seq;28.379347;5.538978207856417;0.0014180691776386116
1;1;1;1;512;3906;50;0.001;input_data_512.h5;/scratch/project/atr-25-7/ramsay/1959255/512x512_out_mpi_2d_seq.h5;seq;28.379347;5.5363208912312984;0.0014173888610423192
1;1;1;1;512;3906;50;0.001;input_data_512.h5;;seq;28.379347;5.475982792675495;0.0014019413191693536
1;1;1;1;512;3906;50;0.001;input_data_512.h5;/scratch/project/atr-25-7/ramsay/1959255/512x512_out_mpi_2d_seq.h5;seq;28.379347;5.535258207470179;0.0014171167965873472
1;1;1;1;512;3906;50;0.001;input_data_512.h5;/scratch/project/atr-25-7/ramsay/1959255/512x512_out_mpi_2d_seq.h5;seq;28.379347;5.5386574678123;0.0014179870629319764
1;1;1;1;1024;1953;50;0.001;input_data_1024.h5;;seq;22.999447;13.2498494759202;0.006784357130527496
1;1;1;1;1024;1953;50;0.001;input_data_1024.h5;/scratch/project/atr-25-7/ramsay/1959255/1024x1024_out_mpi_2d_seq.h5;seq;22.999447;13.414320815354586;0.006868571846059696
1;1;1;1;1024;1953;50;0.001;input_data_1024.h5;/scratch/project/atr-25-7/ramsay/1959255/1024x1024_out_mpi_2d_seq.h5;seq;22.999447;13.401723023504019;0.006862121363801341
1;1;1;1;1024;1953;50;0.001;input_data_1024.h5;;seq;22.999447;13.237715732306242;0.006778144256173191
1;1;1;1;1024;1953;50;0.001;input_data_1024.h5;/scratch/project/atr-25-7/ramsay/1959255/1024x1024_out_mpi_2d_seq.h5;seq;22.999447;13.361125003546476;0.006841333847182015
1;1;1;1;1024;1953;50;0.001;input_data_1024.h5;/scratch/project/atr-25-7/ramsay/1959255/1024x1024_out_mpi_2d_seq.h5;seq;22.999447;13.289737660437822;0.006804781188140206
1;1;1;1;2048;976;50;0.001;input_data_2048.h5;;seq;21.074463;26.939091753214598;0.027601528435670694
1;1;1;1;2048;976;50;0.001;input_data_2048.h5;/scratch/project/atr-25-7/ramsay/1959255/2048x2048_out_mpi_2d_seq.h5;seq;21.074463;27.142944142222404;0.027810393588342627
1;1;1;1;2048;976;50;0.001;input_data_2048.h5;/scratch/project/atr-25-7/ramsay/1959255/2048x2048_out_mpi_2d_seq.h5;seq;21.074463;27.103688791394234;0.027770172942002288
1;1;1;1;2048;976;50;0.001;input_data_2048.h5;;seq;21.074463;26.88887621834874;0.027550078092570433
1;1;1;1;2048;976;50;0.001;input_data_2048.h5;/scratch/project/atr-25-7/ramsay/1959255/2048x2048_out_mpi_2d_seq.h5;seq;21.074463;27.19209823012352;0.02786075638332328
1;1;1;1;2048;976;50;0.001;input_data_2048.h5;/scratch/project/atr-25-7/ramsay/1959255/2048x2048_out_mpi_2d_seq.h5;seq;21.074463;27.20925811678171;0.027878338234407492
1;1;1;1;4096;488;50;0.001;input_data_4096.h5;;seq;20.387009;54.15279207751155;0.11096883622440891
1;1;1;1;4096;488;50;0.001;input_data_4096.h5;/scratch/project/atr-25-7/ramsay/1959255/4096x4096_out_mpi_2d_seq.h5;seq;20.387009;134.44937562569976;0.27551101562643393
1;1;1;1;4096;488;50;0.001;input_data_4096.h5;/scratch/project/atr-25-7/ramsay/1959255/4096x4096_out_mpi_2d_seq.h5;seq;20.387009;54.572328079491854;0.1118285411464997
1;1;1;1;4096;488;50;0.001;input_data_4096.h5;;seq;20.387009;53.971306066960096;0.11059693866180348
1;1;1;1;4096;488;50;0.001;input_data_4096.h5;/scratch/project/atr-25-7/ramsay/1959255/4096x4096_out_mpi_2d_seq.h5;seq;20.387009;55.23781729862094;0.11319224856274783
1;1;1;1;4096;488;50;0.001;input_data_4096.h5;/scratch/project/atr-25-7/ramsay/1959255/4096x4096_out_mpi_2d_seq.h5;seq;20.387009;54.513198368251324;0.11170737370543304
16;4;4;1;256;78125;50;0.001;input_data_256.h5;;par;83.8102;1.3829317577183247;1.7701526498794556e-05
16;4;4;1;256;78125;50;0.001;input_data_256.h5;/scratch/project/atr-25-7/ramsay/1959255/256x256_out_mpi_2d_par.h5;par;83.8102;1.8437378071248531;2.359984393119812e-05
16;4;4;1;256;78125;50;0.001;input_data_256.h5;/scratch/project/atr-25-7/ramsay/1959255/256x256_out_mpi_2d_par.h5;par;83.8102;7.034958824515343;9.00474729537964e-05
16;4;4;1;256;78125;50;0.001;input_data_256.h5;;par;83.8102;1.938613098114729;2.481424765586853e-05
16;4;4;1;256;78125;50;0.001;input_data_256.h5;/scratch/project/atr-25-7/ramsay/1959255/256x256_out_mpi_2d_par.h5;par;83.8102;2.4850504212081432;3.1808645391464234e-05
16;4;4;1;256;78125;50;0.001;input_data_256.h5;/scratch/project/atr-25-7/ramsay/1959255/256x256_out_mpi_2d_par.h5;par;83.8102;7.7240831814706326;9.88682647228241e-05
16;4;4;1;512;39062;50;0.001;input_data_512.h5;;par;45.5819;1.5185941755771637;3.887650851408437e-05
16;4;4;1;512;39062;50;0.001;input_data_512.h5;/scratch/project/atr-25-7/ramsay/1959255/512x512_out_mpi_2d_par.h5;par;45.5819;2.2839628867805004;5.847019832011931e-05
16;4;4;1;512;39062;50;0.001;input_data_512.h5;/scratch/project/atr-25-7/ramsay/1959255/512x512_out_mpi_2d_par.h5;par;45.5819;4.436029553413391;0.00011356381018415317
16;4;4;1;512;39062;50;0.001;input_data_512.h5;;par;45.5819;1.823367577046156;4.6678807461117096e-05
16;4;4;1;512;39062;50;0.001;input_data_512.h5;/scratch/project/atr-25-7/ramsay/1959255/512x512_out_mpi_2d_par.h5;par;45.5819;2.6495931074023247;6.783045177928228e-05
16;4;4;1;512;39062;50;0.001;input_data_512.h5;/scratch/project/atr-25-7/ramsay/1959255/512x512_out_mpi_2d_par.h5;par;45.5819;4.8628490045666695;0.0001244905279956651
16;4;4;1;1024;19531;50;0.001;input_data_1024.h5;;par;29.214909;2.354263361543417;0.00012053982702080882
16;4;4;1;1024;19531;50;0.001;input_data_1024.h5;/scratch/project/atr-25-7/ramsay/1959255/1024x1024_out_mpi_2d_par.h5;par;29.214909;3.637040711939335;0.00018621886805280502
16;4;4;1;1024;19531;50;0.001;input_data_1024.h5;/scratch/project/atr-25-7/ramsay/1959255/1024x1024_out_mpi_2d_par.h5;par;29.214909;5.953584931790829;0.00030482745029905426
16;4;4;1;1024;19531;50;0.001;input_data_1024.h5;;par;29.214909;2.468658972531557;0.00012639695727466885
16;4;4;1;1024;19531;50;0.001;input_data_1024.h5;/scratch/project/atr-25-7/ramsay/1959255/1024x1024_out_mpi_2d_par.h5;par;29.214909;3.880560241639614;0.0001986872275684611
16;4;4;1;1024;19531;50;0.001;input_data_1024.h5;/scratch/project/atr-25-7/ramsay/1959255/1024x1024_out_mpi_2d_par.h5;par;29.214909;6.3206600323319435;0.0003236219360161765
16;4;4;1;2048;9765;50;0.001;input_data_2048.h5;;par;23.292988;5.10864195600152;0.0005231584184333354
16;4;4;1;2048;9765;50;0.001;input_data_2048.h5;/scratch/project/atr-25-7/ramsay/1959255/2048x2048_out_mpi_2d_par.h5;par;23.292988;8.771875090897083;0.0008982975003478836
16;4;4;1;2048;9765;50;0.001;input_data_2048.h5;/scratch/project/atr-25-7/ramsay/1959255/2048x2048_out_mpi_2d_par.h5;par;23.292988;13.98533296212554;0.001432189755466005
16;4;4;1;2048;9765;50;0.001;input_data_2048.h5;;par;23.292988;5.248505014926195;0.0005374813123324316
16;4;4;1;2048;9765;50;0.001;input_data_2048.h5;/scratch/project/atr-25-7/ramsay/1959255/2048x2048_out_mpi_2d_par.h5;par;23.292988;8.78234301507473;0.0008993694843906534
16;4;4;1;2048;9765;50;0.001;input_data_2048.h5;/scratch/project/atr-25-7/ramsay/1959255/2048x2048_out_mpi_2d_par.h5;par;23.292988;13.01476988196373;0.0013327977349681238
16;4;4;1;4096;4882;50;0.001;input_data_4096.h5;;par;21.17147;19.03798772022128;0.0038996287833308646
16;4;4;1;4096;4882;50;0.001;input_data_4096.h5;/scratch/project/atr-25-7/ramsay/1959255/4096x4096_out_mpi_2d_par.h5;par;21.17147;21.339905060827732;0.004371139914139233
16;4;4;1;4096;4882;50;0.001;input_data_4096.h5;/scratch/project/atr-25-7/ramsay/1959255/4096x4096_out_mpi_2d_par.h5;par;21.17147;38.66670497134328;0.007920259109246883
16;4;4;1;4096;4882;50;0.001;input_data_4096.h5;;par;21.17147;15.868865344673395;0.0032504845032104456
16;4;4;1;4096;4882;50;0.001;input_data_4096.h5;/scratch/project/atr-25-7/ramsay/1959255/4096x4096_out_mpi_2d_par.h5;par;21.17147;24.018498230725527;0.004919807093552955
16;4;4;1;4096;4882;50;0.001;input_data_4096.h5;/scratch/project/atr-25-7/ramsay/1959255/4096x4096_out_mpi_2d_par.h5;par;21.17147;34.67904104664922;0.0071034496203705895
32;4;8;1;256;78125;50;0.001;input_data_256.h5;;par;83.8102;1.1564252451062202;1.480224313735962e-05
32;4;8;1;256;78125;50;0.001;input_data_256.h5;/scratch/project/atr-25-7/ramsay/1959255/256x256_out_mpi_2d_par.h5;par;83.8102;1.6944444850087166;2.1688889408111572e-05
32;4;8;1;256;78125;50;0.001;input_data_256.h5;/scratch/project/atr-25-7/ramsay/1959255/256x256_out_mpi_2d_par.h5;par;83.8102;9.510859321802855;0.00012173899931907654
32;4;8;1;256;78125;50;0.001;input_data_256.h5;;par;83.8102;1.9742391109466553;2.5270260620117186e-05
32;4;8;1;256;78125;50;0.001;input_data_256.h5;/scratch/project/atr-25-7/ramsay/1959255/256x256_out_mpi_2d_par.h5;par;83.8102;2.5909229665994644;3.3163813972473144e-05
32;4;8;1;256;78125;50;0.001;input_data_256.h5;/scratch/project/atr-25-7/ramsay/1959255/256x256_out_mpi_2d_par.h5;par;83.8102;10.67299734428525;0.0001366143660068512
32;4;8;1;512;39062;50;0.001;input_data_512.h5;;par;45.5819;1.1747623272240162;3.0074300527981573e-05
32;4;8;1;512;39062;50;0.001;input_data_512.h5;/scratch/project/atr-25-7/ramsay/1959255/512x512_out_mpi_2d_par.h5;par;45.5819;2.0093881003558636;5.144099381383092e-05
32;4;8;1;512;39062;50;0.001;input_data_512.h5;/scratch/project/atr-25-7/ramsay/1959255/512x512_out_mpi_2d_par.h5;par;45.5819;4.528347820043564;0.00011592718806112242
32;4;8;1;512;39062;50;0.001;input_data_512.h5;;par;45.5819;1.6000341810286045;4.096139934024383e-05
32;4;8;1;512;39062;50;0.001;input_data_512.h5;/scratch/project/atr-25-7/ramsay/1959255/512x512_out_mpi_2d_par.h5;par;45.5819;2.497368361800909;6.393344841024292e-05
32;4;8;1;512;39062;50;0.001;input_data_512.h5;/scratch/project/atr-25-7/ramsay/1959255/512x512_out_mpi_2d_par.h5;par;45.5819;5.026871420443058;0.00012868955558965382
32;4;8;1;1024;19531;50;0.001;input_data_1024.h5;;par;29.214909;1.4838806129992008;7.597565987400547e-05
32;4;8;1;1024;19531;50;0.001;input_data_1024.h5;/scratch/project/atr-25-7/ramsay/1959255/1024x1024_out_mpi_2d_par.h5;par;29.214909;2.8868213929235935;0.00014780714724917278
32;4;8;1;1024;19531;50;0.001;input_data_1024.h5;/scratch/project/atr-25-7/ramsay/1959255/1024x1024_out_mpi_2d_par.h5;par;29.214909;5.5505566112697124;0.0002841921361563521
32;4;8;1;1024;19531;50;0.001;input_data_1024.h5;;par;29.214909;1.6363862976431847;8.378405087518225e-05
32;4;8;1;1024;19531;50;0.001;input_data_1024.h5;/scratch/project/atr-25-7/ramsay/1959255/1024x1024_out_mpi_2d_par.h5;par;29.214909;3.1087519340217113;0.00015917013639965753
32;4;8;1;1024;19531;50;0.001;input_data_1024.h5;/scratch/project/atr-25-7/ramsay/1959255/1024x1024_out_mpi_2d_par.h5;par;29.214909;5.498145621269941;0.00028150865911985774
32;4;8;1;2048;9765;50;0.001;input_data_2048.h5;;par;23.292988;2.483295701444149;0.00025430575539622623
32;4;8;1;2048;9765;50;0.001;input_data_2048.h5;/scratch/project/atr-25-7/ramsay/1959255/2048x2048_out_mpi_2d_par.h5;par;23.292988;5.734714061021805;0.0005872723052761705
32;4;8;1;2048;9765;50;0.001;input_data_2048.h5;/scratch/project/atr-25-7/ramsay/1959255/2048x2048_out_mpi_2d_par.h5;par;23.292988;11.458001919090748;0.0011733744924824114
32;4;8;1;2048;9765;50;0.001;input_data_2048.h5;;par;23.292988;2.6826269440352917;0.0002747185810584016
32;4;8;1;2048;9765;50;0.001;input_data_2048.h5;/scratch/project/atr-25-7/ramsay/1959255/2048x2048_out_mpi_2d_par.h5;par;23.292988;6.0252360962331295;0.0006170236657688817
32;4;8;1;2048;9765;50;0.001;input_data_2048.h5;/scratch/project/atr-25-7/ramsay/1959255/2048x2048_out_mpi_2d_par.h5;par;23.292988;11.86611993983388;0.001215168452619957
32;4;8;1;4096;4882;50;0.001;input_data_4096.h5;;par;21.17147;12.184243448078632;0.002495748350692059
32;4;8;1;4096;4882;50;0.001;input_data_4096.h5;/scratch/project/atr-25-7/ramsay/1959255/4096x4096_out_mpi_2d_par.h5;par;21.17147;16.528413336724043;0.0033855824122744865
32;4;8;1;4096;4882;50;0.001;input_data_4096.h5;/scratch/project/atr-25-7/ramsay/1959255/4096x4096_out_mpi_2d_par.h5;par;21.17147;31.84133557230234;0.006522190817759595
32;4;8;1;4096;4882;50;0.001;input_data_4096.h5;;par;21.17147;10.604729413986206;0.002172210039734987
32;4;8;1;4096;4882;50;0.001;input_data_4096.h5;/scratch/project/atr-25-7/ramsay/1959255/4096x4096_out_mpi_2d_par.h5;par;21.17147;16.719032395631075;0.003424627692673305
32;4;8;1;4096;4882;50;0.001;input_data_4096.h5;/scratch/project/atr-25-7/ramsay/1959255/4096x4096_out_mpi_2d_par.h5;par;21.17147;32.36816715449095;0.006630103882525798
64;8;8;1;256;78125;50;0.001;input_data_256.h5;;par;83.8102;1.0504040718078613;1.3445172119140625e-05
64;8;8;1;256;78125;50;0.001;input_data_256.h5;/scratch/project/atr-25-7/ramsay/1959255/256x256_out_mpi_2d_par.h5;par;83.8102;1.8266566060483456;2.3381204557418823e-05
64;8;8;1;256;78125;50;0.001;input_data_256.h5;/scratch/project/atr-25-7/ramsay/1959255/256x256_out_mpi_2d_par.h5;par;83.8102;17.35336833074689;0.00022212311463356017
64;8;8;1;256;78125;50;0.001;input_data_256.h5;;par;83.8102;2.675623219460249;3.4247977209091186e-05
64;8;8;1;256;78125;50;0.001;input_data_256.h5;/scratch/project/atr-25-7/ramsay/1959255/256x256_out_mpi_2d_par.h5;par;83.8102;3.6139329113066196;4.6258341264724734e-05
64;8;8;1;256;78125;50;0.001;input_data_256.h5;/scratch/project/atr-25-7/ramsay/1959255/256x256_out_mpi_2d_par.h5;par;83.8102;19.131395783275366;0.0002448818660259247
64;8;8;1;512;39062;50;0.001;input_data_512.h5;;par;45.5819;0.9711139015853405;2.4860834099261186e-05
64;8;8;1;512;39062;50;0.001;input_data_512.h5;/scratch/project/atr-25-7/ramsay/1959255/512x512_out_mpi_2d_par.h5;par;45.5819;1.9420460537075996;4.9717015352711065e-05
64;8;8;1;512;39062;50;0.001;input_data_512.h5;/scratch/project/atr-25-7/ramsay/1959255/512x512_out_mpi_2d_par.h5;par;45.5819;21.746391590684652;0.0005567147506703357
64;8;8;1;512;39062;50;0.001;input_data_512.h5;;par;45.5819;1.9374163039028645;4.959849224061401e-05
64;8;8;1;512;39062;50;0.001;input_data_512.h5;/scratch/project/atr-25-7/ramsay/1959255/512x512_out_mpi_2d_par.h5;par;45.5819;2.8964843042194843;7.41509473201445e-05
64;8;8;1;512;39062;50;0.001;input_data_512.h5;/scratch/project/atr-25-7/ramsay/1959255/512x512_out_mpi_2d_par.h5;par;45.5819;19.423618990927935;0.0004972510109806957
64;8;8;1;1024;19531;50;0.001;input_data_1024.h5;;par;29.214909;1.038143165409565;5.3153610435183295e-05
64;8;8;1;1024;19531;50;0.001;input_data_1024.h5;/scratch/project/atr-25-7/ramsay/1959255/1024x1024_out_mpi_2d_par.h5;par;29.214909;2.658077012747526;0.00013609528507232228
64;8;8;1;1024;19531;50;0.001;input_data_1024.h5;/scratch/project/atr-25-7/ramsay/1959255/1024x1024_out_mpi_2d_par.h5;par;29.214909;13.237279392778873;0.0006777573802047449
64;8;8;1;1024;19531;50;0.001;input_data_1024.h5;;par;29.214909;1.463104948401451;7.491193223088685e-05
64;8;8;1;1024;19531;50;0.001;input_data_1024.h5;/scratch/project/atr-25-7/ramsay/1959255/1024x1024_out_mpi_2d_par.h5;par;29.214909;3.3173087164759636;0.00016984838034283771
64;8;8;1;1024;19531;50;0.001;input_data_1024.h5;/scratch/project/atr-25-7/ramsay/1959255/1024x1024_out_mpi_2d_par.h5;par;29.214909;25.177670944482088;0.0012891132530071215
64;8;8;1;2048;9765;50;0.001;input_data_2048.h5;;par;23.292988;1.4513622261583805;0.0001486290042148879
64;8;8;1;2048;9765;50;0.001;input_data_2048.h5;/scratch/project/atr-25-7/ramsay/1959255/2048x2048_out_mpi_2d_par.h5;par;23.292988;4.602248705923557;0.000471300430714138
64;8;8;1;2048;9765;50;0.001;input_data_2048.h5;/scratch/project/atr-25-7/ramsay/1959255/2048x2048_out_mpi_2d_par.h5;par;23.292988;23.413921356201172;0.002397739002171139
64;8;8;1;2048;9765;50;0.001;input_data_2048.h5;;par;23.292988;1.7365995310246944;0.0001778391736840445
64;8;8;1;2048;9765;50;0.001;input_data_2048.h5;/scratch/project/atr-25-7/ramsay/1959255/2048x2048_out_mpi_2d_par.h5;par;23.292988;4.894223991781473;0.0005012006135976931
64;8;8;1;2048;9765;50;0.001;input_data_2048.h5;/scratch/project/atr-25-7/ramsay/1959255/2048x2048_out_mpi_2d_par.h5;par;23.292988;41.06867815926671;0.00420570180842465
64;8;8;1;4096;4882;50;0.001;input_data_4096.h5;;par;21.17147;6.616431508213282;0.0013552706899248835
64;8;8;1;4096;4882;50;0.001;input_data_4096.h5;/scratch/project/atr-25-7/ramsay/1959255/4096x4096_out_mpi_2d_par.h5;par;21.17147;11.230407249182463;0.0023003701862315575
64;8;8;1;4096;4882;50;0.001;input_data_4096.h5;/scratch/project/atr-25-7/ramsay/1959255/4096x4096_out_mpi_2d_par.h5;par;21.17147;45.07248418778181;0.009232381029861084
64;8;8;1;4096;4882;50;0.001;input_data_4096.h5;;par;21.17147;5.208335861563683;0.0010668447074075548
64;8;8;1;4096;4882;50;0.001;input_data_4096.h5;/scratch/project/atr-25-7/ramsay/1959255/4096x4096_out_mpi_2d_par.h5;par;21.17147;12.46956466883421;0.0025541918617030335
64;8;8;1;4096;4882;50;0.001;input_data_4096.h5;/scratch/project/atr-25-7/ramsay/1959255/4096x4096_out_mpi_2d_par.h5;par;21.17147;40.43713103979826;0.008282902711961955
128;8;16;1;256;78125;50;0.001;input_data_256.h5;;par;83.8102;0.9811411462724209;1.2558606672286987e-05
128;8;16;1;256;78125;50;0.001;input_data_256.h5;/scratch/project/atr-25-7/ramsay/1959255/256x256_out_mpi_2d_par.h5;par;83.8102;2.0278255455195904;2.5956166982650756e-05
128;8;16;1;256;78125;50;0.001;input_data_256.h5;/scratch/project/atr-25-7/ramsay/1959255/256x256_out_mpi_2d_par.h5;par;83.8102;17.425286788493395;0.00022304367089271546
128;8;16;1;256;78125;50;0.001;input_data_256.h5;;par;83.8102;3.4504952244460583;4.416633887290955e-05
128;8;16;1;256;78125;50;0.001;input_data_256.h5;/scratch/project/atr-25-7/ramsay/1959255/256x256_out_mpi_2d_par.h5;par;83.8102;4.698628906160593;6.014244999885559e-05
128;8;16;1;256;78125;50;0.001;input_data_256.h5;/scratch/project/atr-25-7/ramsay/1959255/256x256_out_mpi_2d_par.h5;par;83.8102;21.05084867030382;0.0002694508629798889
128;8;16;1;512;39062;50;0.001;input_data_512.h5;;par;45.5819;0.7961344607174397;2.0381303075045817e-05
128;8;16;1;512;39062;50;0.001;input_data_512.h5;/scratch/project/atr-25-7/ramsay/1959255/512x512_out_mpi_2d_par.h5;par;45.5819;1.932905413210392;4.9483011960739135e-05
128;8;16;1;512;39062;50;0.001;input_data_512.h5;/scratch/project/atr-25-7/ramsay/1959255/512x512_out_mpi_2d_par.h5;par;45.5819;21.255164820700884;0.0005441391843915028
128;8;16;1;512;39062;50;0.001;input_data_512.h5;;par;45.5819;2.0409414060413837;5.224876877889979e-05
128;8;16;1;512;39062;50;0.001;input_data_512.h5;/scratch/project/atr-25-7/ramsay/1959255/512x512_out_mpi_2d_par.h5;par;45.5819;3.440875008702278;8.808752774313343e-05
128;8;16;1;512;39062;50;0.001;input_data_512.h5;/scratch/project/atr-25-7/ramsay/1959255/512x512_out_mpi_2d_par.h5;par;45.5819;21.826160941272974;0.0005587568721845521
128;8;16;1;1024;19531;50;0.001;input_data_1024.h5;;par;29.214909;0.7710692919790745;3.947925308376809e-05
128;8;16;1;1024;19531;50;0.001;input_data_1024.h5;/scratch/project/atr-25-7/ramsay/1959255/1024x1024_out_mpi_2d_par.h5;par;29.214909;2.6210105419158936;0.0001341974574735494
128;8;16;1;1024;19531;50;0.001;input_data_1024.h5;/scratch/project/atr-25-7/ramsay/1959255/1024x1024_out_mpi_2d_par.h5;par;29.214909;21.152013812214136;0.001082996969546574
128;8;16;1;1024;19531;50;0.001;input_data_1024.h5;;par;29.214909;1.423219472169876;7.286976970814992e-05
128;8;16;1;1024;19531;50;0.001;input_data_1024.h5;/scratch/project/atr-25-7/ramsay/1959255/1024x1024_out_mpi_2d_par.h5;par;29.214909;3.455319918692112;0.00017691464434448374
128;8;16;1;1024;19531;50;0.001;input_data_1024.h5;/scratch/project/atr-25-7/ramsay/1959255/1024x1024_out_mpi_2d_par.h5;par;29.214909;29.894925460219383;0.001530639775752362
128;8;16;1;2048;9765;50;0.001;input_data_2048.h5;;par;23.292988;0.9129503779113293;9.349210219266045e-05
128;8;16;1;2048;9765;50;0.001;input_data_2048.h5;/scratch/project/atr-25-7/ramsay/1959255/2048x2048_out_mpi_2d_par.h5;par;23.292988;5.0581773445010185;0.0005179905114696383
128;8;16;1;2048;9765;50;0.001;input_data_2048.h5;/scratch/project/atr-25-7/ramsay/1959255/2048x2048_out_mpi_2d_par.h5;par;23.292988;32.334069680422544;0.003311220653397086
128;8;16;1;2048;9765;50;0.001;input_data_2048.h5;;par;23.292988;1.3104236908257008;0.00013419597448291866
128;8;16;1;2048;9765;50;0.001;input_data_2048.h5;/scratch/project/atr-25-7/ramsay/1959255/2048x2048_out_mpi_2d_par.h5;par;23.292988;5.097324430942535;0.0005219994296920159
128;8;16;1;2048;9765;50;0.001;input_data_2048.h5;/scratch/project/atr-25-7/ramsay/1959255/2048x2048_out_mpi_2d_par.h5;par;23.292988;30.712931148707867;0.003145205442776023
128;8;16;1;4096;4882;50;0.001;input_data_4096.h5;;par;21.17147;1.5119867287576199;0.0003097064171973822
128;8;16;1;4096;4882;50;0.001;input_data_4096.h5;/scratch/project/atr-25-7/ramsay/1959255/4096x4096_out_mpi_2d_par.h5;par;21.17147;7.913101498037577;0.0016208729000486638
128;8;16;1;4096;4882;50;0.001;input_data_4096.h5;/scratch/project/atr-25-7/ramsay/1959255/4096x4096_out_mpi_2d_par.h5;par;21.17147;36.413771130144596;0.007458781468690003
128;8;16;1;4096;4882;50;0.001;input_data_4096.h5;;par;21.17147;1.7809221483767033;0.0003647935576355394
128;8;16;1;4096;4882;50;0.001;input_data_4096.h5;/scratch/project/atr-25-7/ramsay/1959255/4096x4096_out_mpi_2d_par.h5;par;21.17147;8.329085912555456;0.0017060806867176272
128;8;16;1;4096;4882;50;0.001;input_data_4096.h5;/scratch/project/atr-25-7/ramsay/1959255/4096x4096_out_mpi_2d_par.h5;par;21.17147;30.851067796349525;0.006319350224569751
